week,kickoff,home,away,neutral,pred,spread_open,mkt_margin,edge,side_play,proj_total,total_open,tot_edge,tot_side,tot_play,tot_status,posted,posted_basis
3,2026-09-20,Sacramento State,North Dakota State,FALSE,-0.5,25.75,-25.75,25.2,NA,NA,53.25,NA,NA,NA,NA,Sacramento State +25.8,"early-season (top-1 by edge, outside wk5+ window)"
3,2026-09-19,Toledo,Temple,FALSE,22.2,-4.5,4.5,17.7,NA,NA,51.75,NA,NA,NA,NA,NA,NA
3,2026-09-19,Clemson,North Carolina,FALSE,22.6,-6.25,6.25,16.4,NA,NA,44.5,NA,NA,NA,NA,NA,NA
3,2026-09-19,Texas Tech,Houston,FALSE,26.5,-11,11,15.5,NA,NA,53,NA,NA,NA,NA,NA,NA
3,2026-09-19,South Alabama,Ohio,FALSE,-10.8,-3.75,3.75,-14.6,NA,NA,53,NA,NA,NA,NA,NA,NA
3,2026-09-19,Rice,Western Michigan,FALSE,-25.9,11.75,-11.75,-14.1,NA,NA,44.75,NA,NA,NA,NA,NA,NA
3,2026-09-19,Jacksonville State,Georgia Southern,FALSE,16.5,-3,3,13.5,NA,NA,53,NA,NA,NA,NA,NA,NA
3,2026-09-19,Ole Miss,LSU,FALSE,12.7,0.75,-0.75,13.4,NA,NA,58,NA,NA,NA,NA,NA,NA
3,2026-09-19,Missouri State,Marshall,FALSE,-17.1,4.25,-4.25,-12.9,NA,NA,52.75,NA,NA,NA,NA,NA,NA
3,2026-09-19,Florida Atlantic,Florida International,FALSE,-4.2,-7.25,7.25,-11.4,NA,NA,62.5,NA,NA,NA,NA,NA,NA
3,2026-09-20,Arizona,Northern Illinois,FALSE,23.6,-35,35,-11.4,NA,NA,49.75,NA,NA,NA,NA,NA,NA
3,2026-09-19,Delaware,Coastal Carolina,FALSE,15.8,-4.75,4.75,11.1,NA,NA,58,NA,NA,NA,NA,NA,NA
3,2026-09-19,Utah,Utah State,FALSE,16.7,-27.75,27.75,-11.1,NA,NA,57.25,NA,NA,NA,NA,NA,NA
3,2026-09-19,Wisconsin,Eastern Michigan,FALSE,13.6,-24.5,24.5,-10.9,NA,NA,45.75,NA,NA,NA,NA,NA,NA
3,2026-09-19,Rutgers,USC,FALSE,-13.9,24.5,-24.5,10.6,NA,NA,57.5,NA,NA,NA,NA,NA,NA
3,2026-09-19,Indiana,Western Kentucky,FALSE,34.6,-44.25,44.25,-9.6,NA,NA,59.5,NA,NA,NA,NA,NA,NA
3,2026-09-20,San José State,Fresno State,FALSE,-16.5,7.25,-7.25,-9.2,NA,NA,51.5,NA,NA,NA,NA,NA,NA
3,2026-09-19,Arkansas,Georgia,FALSE,-29.7,21,-21,-8.7,NA,NA,53.25,NA,NA,NA,NA,NA,NA
3,2026-09-19,Colorado State,BYU,FALSE,-28.2,19.5,-19.5,-8.7,NA,NA,52.25,NA,NA,NA,NA,NA,NA
3,2026-09-20,San Diego State,James Madison,FALSE,-6.7,-2,2,-8.7,NA,NA,46.5,NA,NA,NA,NA,NA,NA
3,2026-09-19,Louisville,SMU,FALSE,-7,-1.25,1.25,-8.2,NA,NA,58,NA,NA,NA,NA,NA,NA
3,2026-09-19,Maryland,Virginia Tech,FALSE,5.7,2.5,-2.5,8.2,NA,NA,53.5,NA,NA,NA,NA,NA,NA
3,2026-09-19,Vanderbilt,NC State,FALSE,11.5,-4,4,7.5,NA,NA,53.5,NA,NA,NA,NA,NA,NA
3,2026-09-19,Texas A&M,Kentucky,FALSE,22.9,-15.75,15.75,7.1,NA,NA,48.75,NA,NA,NA,NA,NA,NA
3,2026-09-19,Auburn,Florida,FALSE,6.4,0.5,-0.5,6.9,NA,NA,53.25,NA,NA,NA,NA,NA,NA
3,2026-09-19,Penn State,Buffalo,FALSE,32.6,-39,39,-6.4,NA,NA,48,NA,NA,NA,NA,NA,NA
3,2026-09-19,Michigan,UTEP,FALSE,30.3,-36.75,36.75,-6.4,NA,NA,49.5,NA,NA,NA,NA,NA,NA
3,2026-09-19,Kansas State,Tulane,FALSE,13.8,-20,20,-6.2,NA,NA,49.5,NA,NA,NA,NA,NA,NA
3,2026-09-19,Cincinnati,Miami (OH),FALSE,8.9,-15,15,-6.1,NA,NA,50.25,NA,NA,NA,NA,NA,NA
3,2026-09-19,Old Dominion,East Carolina,FALSE,8.4,-2.75,2.75,5.7,NA,NA,49.5,NA,NA,NA,NA,NA,NA
3,2026-09-19,Alabama,Florida State,FALSE,12.5,-18,18,-5.5,NA,NA,50.75,NA,NA,NA,NA,NA,NA
3,2026-09-19,South Carolina,Mississippi State,FALSE,10.5,-5.5,5.5,5,NA,NA,56.5,NA,NA,NA,NA,NA,NA
3,2026-09-19,Notre Dame,Michigan State,FALSE,34.6,-29.75,29.75,4.9,NA,NA,52.75,NA,NA,NA,NA,NA,NA
3,2026-09-20,Texas,UTSA,FALSE,24.9,-29.75,29.75,-4.9,NA,NA,57.75,NA,NA,NA,NA,NA,NA
3,2026-09-19,Iowa State,Bowling Green,FALSE,27.1,-22.75,22.75,4.4,NA,NA,45.75,NA,NA,NA,NA,NA,NA
3,2026-09-19,Northwestern,Colorado,FALSE,0.1,-4.5,4.5,-4.4,NA,NA,46.25,NA,NA,NA,NA,NA,NA
3,2026-09-19,Oklahoma,New Mexico,FALSE,27.8,-23.5,23.5,4.3,NA,NA,48.25,NA,NA,NA,NA,NA,NA
3,2026-09-19,Middle Tennessee,Nevada,FALSE,-1.8,6,-6,4.2,NA,NA,50.25,NA,NA,NA,NA,NA,NA
3,2026-09-19,Missouri,Troy,FALSE,23.1,-27.25,27.25,-4.1,NA,NA,49.5,NA,NA,NA,NA,NA,NA
3,2026-09-19,Baylor,Louisiana Tech,FALSE,14.7,-18.25,18.25,-3.6,NA,NA,55.25,NA,NA,NA,NA,NA,NA
3,2026-09-19,Liberty,Ball State,FALSE,17.3,-14.25,14.25,3.1,NA,NA,53.25,NA,NA,NA,NA,NA,NA
3,2026-09-19,Central Michigan,Wyoming,FALSE,-1,-2,2,-3,NA,NA,39.5,NA,NA,NA,NA,NA,NA
3,2026-09-19,Ohio State,Kent State,FALSE,55.6,-52.75,52.75,2.9,NA,NA,57.5,NA,NA,NA,NA,NA,NA
3,2026-09-19,UCF,Georgia State,FALSE,23.4,-20.75,20.75,2.6,NA,NA,50,NA,NA,NA,NA,NA,NA
3,2026-09-19,Minnesota,Akron,FALSE,24.2,-26.5,26.5,-2.3,NA,NA,48.75,NA,NA,NA,NA,NA,NA
3,2026-09-19,App State,Charlotte,FALSE,22.3,-20,20,2.3,NA,NA,52,NA,NA,NA,NA,NA,NA
3,2026-09-20,UCLA,Purdue,FALSE,12.6,-14.75,14.75,-2.2,NA,NA,53.25,NA,NA,NA,NA,NA,NA
3,2026-09-19,Tennessee,Kennesaw State,FALSE,36.8,-35,35,1.8,NA,NA,59.75,NA,NA,NA,NA,NA,NA
3,2026-09-19,Texas State,North Texas,FALSE,4.4,-3,3,1.4,NA,NA,63.5,NA,NA,NA,NA,NA,NA
3,2026-09-19,Kansas,Arizona State,TRUE,-4.8,6,-6,1.2,NA,NA,54.75,NA,NA,NA,NA,NA,NA
3,2026-09-19,Southern Miss,UConn,FALSE,-4,3,-3,-1,NA,NA,54.75,NA,NA,NA,NA,NA,NA
3,2026-09-19,Virginia,West Virginia,TRUE,8.1,-9,9,-0.9,NA,NA,52.5,NA,NA,NA,NA,NA,NA
3,2026-09-18,Wake Forest,Miami,FALSE,-20.7,20.25,-20.25,-0.4,NA,NA,52.75,NA,NA,NA,NA,NA,NA
3,2026-09-19,Duke,Stanford,FALSE,10.1,-9.75,9.75,0.3,NA,NA,50.75,NA,NA,NA,NA,NA,NA
3,2026-09-17,Pittsburgh,Syracuse,FALSE,10.9,-10.75,10.75,0.2,NA,NA,55.25,NA,NA,NA,NA,NA,NA
3,2026-09-20,Louisiana,UAB,FALSE,8.6,-8.75,8.75,-0.2,NA,NA,58,NA,NA,NA,NA,NA,NA
3,2026-09-20,TCU,Arkansas State,FALSE,20.5,-20.25,20.25,0.2,NA,NA,57.5,NA,NA,NA,NA,NA,NA
3,2026-09-17,Concord,Charleston (WV),FALSE,NA,NA,NA,NA,NA,NA,NA,NA,NA,NA,NA,NA,NA
3,2026-09-18,UMass Dartmouth,Framingham State,FALSE,NA,NA,NA,NA,NA,NA,NA,NA,NA,NA,NA,NA,NA
3,2026-09-19,Oregon,Portland State,FALSE,NA,NA,NA,NA,NA,NA,NA,NA,NA,NA,NA,NA,NA
3,2026-09-19,Northwestern (MN),Loras,FALSE,NA,NA,NA,NA,NA,NA,NA,NA,NA,NA,NA,NA,NA
3,2026-09-19,Georgia Tech,Mercer,FALSE,NA,NA,NA,NA,NA,NA,NA,NA,NA,NA,NA,NA,NA
3,2026-09-19,Belhaven,Central College,FALSE,NA,NA,NA,NA,NA,NA,NA,NA,NA,NA,NA,NA,NA
3,2026-09-19,Delaware Valley,Albright,FALSE,NA,NA,NA,NA,NA,NA,NA,NA,NA,NA,NA,NA,NA
3,2026-09-19,Misericordia,Stevenson,FALSE,NA,NA,NA,NA,NA,NA,NA,NA,NA,NA,NA,NA,NA
3,2026-09-19,Muhlenberg,Wilkes,FALSE,NA,NA,NA,NA,NA,NA,NA,NA,NA,NA,NA,NA,NA
3,2026-09-19,Baldwin Wallace,Alma,FALSE,NA,NA,NA,NA,NA,NA,NA,NA,NA,NA,NA,NA,NA
3,2026-09-19,Worcester State,Western New England,FALSE,NA,NA,NA,NA,NA,NA,NA,NA,NA,NA,NA,NA,NA
3,2026-09-19,New England,Hampden Sydney,FALSE,NA,NA,NA,NA,NA,NA,NA,NA,NA,NA,NA,NA,NA
3,2026-09-19,New England College,Fitchburg State,FALSE,NA,NA,NA,NA,NA,NA,NA,NA,NA,NA,NA,NA,NA
3,2026-09-19,Vermont State Castleton,Maine Maritime,FALSE,NA,NA,NA,NA,NA,NA,NA,NA,NA,NA,NA,NA,NA
3,2026-09-19,WPI,Husson,FALSE,NA,NA,NA,NA,NA,NA,NA,NA,NA,NA,NA,NA,NA
3,2026-09-19,Plymouth State,Bridgewater State,FALSE,NA,NA,NA,NA,NA,NA,NA,NA,NA,NA,NA,NA,NA
3,2026-09-19,Oberlin,Wabash,FALSE,NA,NA,NA,NA,NA,NA,NA,NA,NA,NA,NA,NA,NA
3,2026-09-19,Kentucky Wesleyan,Findlay,FALSE,NA,NA,NA,NA,NA,NA,NA,NA,NA,NA,NA,NA,NA
3,2026-09-19,Northwood,Hillsdale,FALSE,NA,NA,NA,NA,NA,NA,NA,NA,NA,NA,NA,NA,NA
3,2026-09-19,Assumption,Pace,FALSE,NA,NA,NA,NA,NA,NA,NA,NA,NA,NA,NA,NA,NA
3,2026-09-19,Gannon,Bloomsburg,FALSE,NA,NA,NA,NA,NA,NA,NA,NA,NA,NA,NA,NA,NA
3,2026-09-19,Shepherd,California (PA),FALSE,NA,NA,NA,NA,NA,NA,NA,NA,NA,NA,NA,NA,NA
3,2026-09-19,Edinboro,West Chester,FALSE,NA,NA,NA,NA,NA,NA,NA,NA,NA,NA,NA,NA,NA
3,2026-09-19,Millersville,Slippery Rock,FALSE,NA,NA,NA,NA,NA,NA,NA,NA,NA,NA,NA,NA,NA
3,2026-09-19,Berry,Carnegie Mellon,FALSE,NA,NA,NA,NA,NA,NA,NA,NA,NA,NA,NA,NA,NA
3,2026-09-19,Case Western Reserve,Shenandoah,FALSE,NA,NA,NA,NA,NA,NA,NA,NA,NA,NA,NA,NA,NA
3,2026-09-19,Alfred,St. Lawrence,FALSE,NA,NA,NA,NA,NA,NA,NA,NA,NA,NA,NA,NA,NA
3,2026-09-19,SUNY Cortland,Hartwick,FALSE,NA,NA,NA,NA,NA,NA,NA,NA,NA,NA,NA,NA,NA
3,2026-09-19,Springfield,Wisconsin Platteville,FALSE,NA,NA,NA,NA,NA,NA,NA,NA,NA,NA,NA,NA,NA
3,2026-09-19,SUNY Morrisville,Union,FALSE,NA,NA,NA,NA,NA,NA,NA,NA,NA,NA,NA,NA,NA
3,2026-09-19,Randolph Macon,Maryville (TN),FALSE,NA,NA,NA,NA,NA,NA,NA,NA,NA,NA,NA,NA,NA
3,2026-09-19,FDU Florham,Widener,FALSE,NA,NA,NA,NA,NA,NA,NA,NA,NA,NA,NA,NA,NA
3,2026-09-19,New Haven,Brown,FALSE,NA,NA,NA,NA,NA,NA,NA,NA,NA,NA,NA,NA,NA
3,2026-09-19,Long Island University,Villanova,FALSE,NA,NA,NA,NA,NA,NA,NA,NA,NA,NA,NA,NA,NA
3,2026-09-19,Columbia,Lafayette,FALSE,NA,NA,NA,NA,NA,NA,NA,NA,NA,NA,NA,NA,NA
3,2026-09-19,Lehigh,Dartmouth,FALSE,NA,NA,NA,NA,NA,NA,NA,NA,NA,NA,NA,NA,NA
3,2026-09-19,East Tennessee State,West Georgia,FALSE,NA,NA,NA,NA,NA,NA,NA,NA,NA,NA,NA,NA,NA
3,2026-09-19,Bluffton,Trine,FALSE,NA,NA,NA,NA,NA,NA,NA,NA,NA,NA,NA,NA,NA
3,2026-09-19,Mercyhurst,Glenville State,FALSE,NA,NA,NA,NA,NA,NA,NA,NA,NA,NA,NA,NA,NA
3,2026-09-19,New Hampshire,Harvard,FALSE,NA,NA,NA,NA,NA,NA,NA,NA,NA,NA,NA,NA,NA
3,2026-09-19,Butler,Chicago State,FALSE,NA,NA,NA,NA,NA,NA,NA,NA,NA,NA,NA,NA,NA
3,2026-09-19,Colgate,Cornell,FALSE,NA,NA,NA,NA,NA,NA,NA,NA,NA,NA,NA,NA,NA
3,2026-09-19,Indiana State,Valparaiso,FALSE,NA,NA,NA,NA,NA,NA,NA,NA,NA,NA,NA,NA,NA
3,2026-09-19,Davidson,VMI,FALSE,NA,NA,NA,NA,NA,NA,NA,NA,NA,NA,NA,NA,NA
3,2026-09-19,DePauw,Ohio Wesleyan,FALSE,NA,NA,NA,NA,NA,NA,NA,NA,NA,NA,NA,NA,NA
3,2026-09-19,Salisbury,Washington and Lee,FALSE,NA,NA,NA,NA,NA,NA,NA,NA,NA,NA,NA,NA,NA
3,2026-09-19,Northern Michigan,Davenport,FALSE,NA,NA,NA,NA,NA,NA,NA,NA,NA,NA,NA,NA,NA
3,2026-09-19,Utica,Hobart,FALSE,NA,NA,NA,NA,NA,NA,NA,NA,NA,NA,NA,NA,NA
3,2026-09-19,Centre,LaGrange,FALSE,NA,NA,NA,NA,NA,NA,NA,NA,NA,NA,NA,NA,NA
3,2026-09-19,Alvernia,King's,FALSE,NA,NA,NA,NA,NA,NA,NA,NA,NA,NA,NA,NA,NA
3,2026-09-19,Eastern,Lebanon Valley,FALSE,NA,NA,NA,NA,NA,NA,NA,NA,NA,NA,NA,NA,NA
3,2026-09-19,Gettysburg,Western Connecticut State,FALSE,NA,NA,NA,NA,NA,NA,NA,NA,NA,NA,NA,NA,NA
3,2026-09-19,Johns Hopkins,Susquehanna,FALSE,NA,NA,NA,NA,NA,NA,NA,NA,NA,NA,NA,NA,NA
3,2026-09-19,Curry,SUNY Maritime,FALSE,NA,NA,NA,NA,NA,NA,NA,NA,NA,NA,NA,NA,NA
3,2026-09-19,Amherst,Bates,FALSE,NA,NA,NA,NA,NA,NA,NA,NA,NA,NA,NA,NA,NA
3,2026-09-19,Williams,Bowdoin,FALSE,NA,NA,NA,NA,NA,NA,NA,NA,NA,NA,NA,NA,NA
3,2026-09-19,Trinity (CT),Colby,FALSE,NA,NA,NA,NA,NA,NA,NA,NA,NA,NA,NA,NA,NA
3,2026-09-19,Tufts,Hamilton,FALSE,NA,NA,NA,NA,NA,NA,NA,NA,NA,NA,NA,NA,NA
3,2026-09-19,Middlebury,Wesleyan (CT),FALSE,NA,NA,NA,NA,NA,NA,NA,NA,NA,NA,NA,NA,NA
3,2026-09-19,Johnson C. Smith,Fayetteville State,FALSE,NA,NA,NA,NA,NA,NA,NA,NA,NA,NA,NA,NA,NA
3,2026-09-19,Minnesota Morris,Buena Vista,FALSE,NA,NA,NA,NA,NA,NA,NA,NA,NA,NA,NA,NA,NA
3,2026-09-19,Shaw,Lincoln (PA),FALSE,NA,NA,NA,NA,NA,NA,NA,NA,NA,NA,NA,NA,NA
3,2026-09-19,Ashland,Ohio Dominican,FALSE,NA,NA,NA,NA,NA,NA,NA,NA,NA,NA,NA,NA,NA
3,2026-09-19,Southern Virginia,Keystone,FALSE,NA,NA,NA,NA,NA,NA,NA,NA,NA,NA,NA,NA,NA
3,2026-09-19,UNC Pembroke,Valdosta State,FALSE,NA,NA,NA,NA,NA,NA,NA,NA,NA,NA,NA,NA,NA
3,2026-09-19,Fort Valley State,Benedict,FALSE,NA,NA,NA,NA,NA,NA,NA,NA,NA,NA,NA,NA,NA
3,2026-09-19,Wayne State (MI),Wisconsin La Crosse,FALSE,NA,NA,NA,NA,NA,NA,NA,NA,NA,NA,NA,NA,NA
3,2026-09-19,Elizabeth City State,Virginia State,FALSE,NA,NA,NA,NA,NA,NA,NA,NA,NA,NA,NA,NA,NA
3,2026-09-19,Washburn,Central Oklahoma,FALSE,NA,NA,NA,NA,NA,NA,NA,NA,NA,NA,NA,NA,NA
3,2026-09-19,West Virginia State,West Virginia Wesleyan,FALSE,NA,NA,NA,NA,NA,NA,NA,NA,NA,NA,NA,NA,NA
3,2026-09-19,West Liberty,Frostburg State,FALSE,NA,NA,NA,NA,NA,NA,NA,NA,NA,NA,NA,NA,NA
3,2026-09-19,Wheeling,Fairmont State,FALSE,NA,NA,NA,NA,NA,NA,NA,NA,NA,NA,NA,NA,NA
3,2026-09-19,Shippensburg,IU Pennsylvania,FALSE,NA,NA,NA,NA,NA,NA,NA,NA,NA,NA,NA,NA,NA
3,2026-09-19,Brockport,Rensselaer,FALSE,NA,NA,NA,NA,NA,NA,NA,NA,NA,NA,NA,NA,NA
3,2026-09-19,Lackawanna,Clarion,FALSE,NA,NA,NA,NA,NA,NA,NA,NA,NA,NA,NA,NA,NA
3,2026-09-19,Ithaca,Hilbert,FALSE,NA,NA,NA,NA,NA,NA,NA,NA,NA,NA,NA,NA,NA
3,2026-09-19,Hanover,Hope,FALSE,NA,NA,NA,NA,NA,NA,NA,NA,NA,NA,NA,NA,NA
3,2026-09-19,Manchester,Olivet,FALSE,NA,NA,NA,NA,NA,NA,NA,NA,NA,NA,NA,NA,NA
3,2026-09-19,Mount St Joseph,Adrian,FALSE,NA,NA,NA,NA,NA,NA,NA,NA,NA,NA,NA,NA,NA
3,2026-09-19,Nichols,Coast Guard,FALSE,NA,NA,NA,NA,NA,NA,NA,NA,NA,NA,NA,NA,NA
3,2026-09-19,Rose Hulman,Albion,FALSE,NA,NA,NA,NA,NA,NA,NA,NA,NA,NA,NA,NA,NA
3,2026-09-19,Mary Hardin Baylor,Endicott,FALSE,NA,NA,NA,NA,NA,NA,NA,NA,NA,NA,NA,NA,NA
3,2026-09-19,Dickinson,Lycoming,FALSE,NA,NA,NA,NA,NA,NA,NA,NA,NA,NA,NA,NA,NA
3,2026-09-19,Buffalo State,Alfred State,FALSE,NA,NA,NA,NA,NA,NA,NA,NA,NA,NA,NA,NA,NA
3,2026-09-19,Saint Anselm,Franklin Pierce,FALSE,NA,NA,NA,NA,NA,NA,NA,NA,NA,NA,NA,NA,NA
3,2026-09-19,Concordia St. Paul,Bemidji State,FALSE,NA,NA,NA,NA,NA,NA,NA,NA,NA,NA,NA,NA,NA
3,2026-09-19,Bryant,Princeton,FALSE,NA,NA,NA,NA,NA,NA,NA,NA,NA,NA,NA,NA,NA
3,2026-09-19,Catholic,Franklin & Marshall,FALSE,NA,NA,NA,NA,NA,NA,NA,NA,NA,NA,NA,NA,NA
3,2026-09-19,Mount Union,Heidelberg,FALSE,NA,NA,NA,NA,NA,NA,NA,NA,NA,NA,NA,NA,NA
3,2026-09-19,Marietta,Capital,FALSE,NA,NA,NA,NA,NA,NA,NA,NA,NA,NA,NA,NA,NA
3,2026-09-19,Franklin,Calvin,FALSE,NA,NA,NA,NA,NA,NA,NA,NA,NA,NA,NA,NA,NA
3,2026-09-19,Ohio Northern,Muskingum,FALSE,NA,NA,NA,NA,NA,NA,NA,NA,NA,NA,NA,NA,NA
3,2026-09-19,Quincy,Lincoln (MO),FALSE,NA,NA,NA,NA,NA,NA,NA,NA,NA,NA,NA,NA,NA
3,2026-09-19,Tusculum,Anderson (SC),FALSE,NA,NA,NA,NA,NA,NA,NA,NA,NA,NA,NA,NA,NA
3,2026-09-19,Chicago,Nebraska Wesleyan,FALSE,NA,NA,NA,NA,NA,NA,NA,NA,NA,NA,NA,NA,NA
3,2026-09-19,Augustana (SD),Minnesota St Moorhead,FALSE,NA,NA,NA,NA,NA,NA,NA,NA,NA,NA,NA,NA,NA
3,2026-09-19,Wisconsin Eau Claire,Carthage,FALSE,NA,NA,NA,NA,NA,NA,NA,NA,NA,NA,NA,NA,NA
3,2026-09-19,Augustana (IL),Illinois Wesleyan,FALSE,NA,NA,NA,NA,NA,NA,NA,NA,NA,NA,NA,NA,NA
3,2026-09-19,St. John Fisher,Rochester (NY),FALSE,NA,NA,NA,NA,NA,NA,NA,NA,NA,NA,NA,NA,NA
3,2026-09-19,Minnesota State,Northern State,FALSE,NA,NA,NA,NA,NA,NA,NA,NA,NA,NA,NA,NA,NA
3,2026-09-19,Concordia Chicago,Rockford,FALSE,NA,NA,NA,NA,NA,NA,NA,NA,NA,NA,NA,NA,NA
3,2026-09-19,Boston College,Maine,FALSE,NA,NA,NA,NA,NA,NA,NA,NA,NA,NA,NA,NA,NA
3,2026-09-19,Kentucky State,Saginaw Valley State,FALSE,NA,NA,NA,NA,NA,NA,NA,NA,NA,NA,NA,NA,NA
3,2026-09-19,Roosevelt,Wisconsin Stout,FALSE,NA,NA,NA,NA,NA,NA,NA,NA,NA,NA,NA,NA,NA
3,2026-09-19,New Mexico Highlands,Black Hills State,FALSE,NA,NA,NA,NA,NA,NA,NA,NA,NA,NA,NA,NA,NA
3,2026-09-19,Colorado School of Mines,Fort Lewis,FALSE,NA,NA,NA,NA,NA,NA,NA,NA,NA,NA,NA,NA,NA
3,2026-09-19,McKendree,Indianapolis,FALSE,NA,NA,NA,NA,NA,NA,NA,NA,NA,NA,NA,NA,NA
3,2026-09-19,Concordia (WI),Aurora,FALSE,NA,NA,NA,NA,NA,NA,NA,NA,NA,NA,NA,NA,NA
3,2026-09-19,Lake Forest,Grinnell,FALSE,NA,NA,NA,NA,NA,NA,NA,NA,NA,NA,NA,NA,NA
3,2026-09-19,Ripon,Knox,FALSE,NA,NA,NA,NA,NA,NA,NA,NA,NA,NA,NA,NA,NA
3,2026-09-19,Lawrence,Illinois College,FALSE,NA,NA,NA,NA,NA,NA,NA,NA,NA,NA,NA,NA,NA
3,2026-09-19,Texas Lutheran,Austin,FALSE,NA,NA,NA,NA,NA,NA,NA,NA,NA,NA,NA,NA,NA
3,2026-09-19,Millsaps,Hendrix,FALSE,NA,NA,NA,NA,NA,NA,NA,NA,NA,NA,NA,NA,NA
3,2026-09-19,North Park,North Central College,FALSE,NA,NA,NA,NA,NA,NA,NA,NA,NA,NA,NA,NA,NA
3,2026-09-19,Wooster,Denison,FALSE,NA,NA,NA,NA,NA,NA,NA,NA,NA,NA,NA,NA,NA
3,2026-09-19,Holy Cross,Yale,FALSE,NA,NA,NA,NA,NA,NA,NA,NA,NA,NA,NA,NA,NA
3,2026-09-19,St. Thomas (MN),Southern Utah,FALSE,NA,NA,NA,NA,NA,NA,NA,NA,NA,NA,NA,NA,NA
3,2026-09-19,Illinois,Southern Illinois,FALSE,NA,NA,NA,NA,NA,NA,NA,NA,NA,NA,NA,NA,NA
3,2026-09-19,Westfield State,Dean,FALSE,NA,NA,NA,NA,NA,NA,NA,NA,NA,NA,NA,NA,NA
3,2026-09-19,Juniata,McDaniel,FALSE,NA,NA,NA,NA,NA,NA,NA,NA,NA,NA,NA,NA,NA
3,2026-09-19,McMurry,Huntingdon,FALSE,NA,NA,NA,NA,NA,NA,NA,NA,NA,NA,NA,NA,NA
3,2026-09-19,Sewanee,North Carolina Wesleyan,FALSE,NA,NA,NA,NA,NA,NA,NA,NA,NA,NA,NA,NA,NA
3,2026-09-19,Coe,Wisconsin Oshkosh,FALSE,NA,NA,NA,NA,NA,NA,NA,NA,NA,NA,NA,NA,NA
3,2026-09-19,Wartburg,Wisconsin River Falls,FALSE,NA,NA,NA,NA,NA,NA,NA,NA,NA,NA,NA,NA,NA
3,2026-09-19,Wisconsin Stevens Point,Pacific (OR),FALSE,NA,NA,NA,NA,NA,NA,NA,NA,NA,NA,NA,NA,NA
3,2026-09-19,Wittenberg,Washington St. Louis,FALSE,NA,NA,NA,NA,NA,NA,NA,NA,NA,NA,NA,NA,NA
3,2026-09-19,Adams State,South Dakota Mines,FALSE,NA,NA,NA,NA,NA,NA,NA,NA,NA,NA,NA,NA,NA
3,2026-09-19,Michigan Tech,Upper Iowa,FALSE,NA,NA,NA,NA,NA,NA,NA,NA,NA,NA,NA,NA,NA
3,2026-09-19,Augsburg,St. Scholastica,FALSE,NA,NA,NA,NA,NA,NA,NA,NA,NA,NA,NA,NA,NA
3,2026-09-19,Wisconsin Lutheran,Lakeland,FALSE,NA,NA,NA,NA,NA,NA,NA,NA,NA,NA,NA,NA,NA
3,2026-09-19,Bethany (WV),Thiel,FALSE,NA,NA,NA,NA,NA,NA,NA,NA,NA,NA,NA,NA,NA
3,2026-09-19,Salve Regina,William Paterson,FALSE,NA,NA,NA,NA,NA,NA,NA,NA,NA,NA,NA,NA,NA
3,2026-09-19,Saint John's (MN),Hamline,FALSE,NA,NA,NA,NA,NA,NA,NA,NA,NA,NA,NA,NA,NA
3,2026-09-19,Beloit,Luther,FALSE,NA,NA,NA,NA,NA,NA,NA,NA,NA,NA,NA,NA,NA
3,2026-09-19,Cornell (IA),Monmouth (IL),FALSE,NA,NA,NA,NA,NA,NA,NA,NA,NA,NA,NA,NA,NA
3,2026-09-19,Stony Brook,Rhode Island,FALSE,NA,NA,NA,NA,NA,NA,NA,NA,NA,NA,NA,NA,NA
3,2026-09-19,Western Carolina,Presbyterian,FALSE,NA,NA,NA,NA,NA,NA,NA,NA,NA,NA,NA,NA,NA
3,2026-09-19,Truman State,Missouri S&T,FALSE,NA,NA,NA,NA,NA,NA,NA,NA,NA,NA,NA,NA,NA
3,2026-09-19,Northwest Missouri State,Missouri Southern State,FALSE,NA,NA,NA,NA,NA,NA,NA,NA,NA,NA,NA,NA,NA
3,2026-09-19,Claremont Mudd Scripps,George Fox,FALSE,NA,NA,NA,NA,NA,NA,NA,NA,NA,NA,NA,NA,NA
3,2026-09-19,University of Mary,Sioux Falls,FALSE,NA,NA,NA,NA,NA,NA,NA,NA,NA,NA,NA,NA,NA
3,2026-09-19,Bentley,Post,FALSE,NA,NA,NA,NA,NA,NA,NA,NA,NA,NA,NA,NA,NA
3,2026-09-19,Chadron State,CSU Pueblo,FALSE,NA,NA,NA,NA,NA,NA,NA,NA,NA,NA,NA,NA,NA
3,2026-09-19,Eureka,St. Norbert,FALSE,NA,NA,NA,NA,NA,NA,NA,NA,NA,NA,NA,NA,NA
3,2026-09-19,Erskine,Brevard,FALSE,NA,NA,NA,NA,NA,NA,NA,NA,NA,NA,NA,NA,NA
3,2026-09-19,Willamette,La Verne,FALSE,NA,NA,NA,NA,NA,NA,NA,NA,NA,NA,NA,NA,NA
3,2026-09-19,Minot State,Southwest Minnesota State,FALSE,NA,NA,NA,NA,NA,NA,NA,NA,NA,NA,NA,NA,NA
3,2026-09-19,Bucknell,Pennsylvania,FALSE,NA,NA,NA,NA,NA,NA,NA,NA,NA,NA,NA,NA,NA
3,2026-09-19,Montana State,Central Connecticut,FALSE,NA,NA,NA,NA,NA,NA,NA,NA,NA,NA,NA,NA,NA
3,2026-09-19,Illinois State,Eastern Illinois,FALSE,NA,NA,NA,NA,NA,NA,NA,NA,NA,NA,NA,NA,NA
3,2026-09-19,Averett,Gallaudet,FALSE,NA,NA,NA,NA,NA,NA,NA,NA,NA,NA,NA,NA,NA
3,2026-09-19,Massachusetts,Stonehill,FALSE,NA,NA,NA,NA,NA,NA,NA,NA,NA,NA,NA,NA,NA
3,2026-09-19,California,Wagner,FALSE,NA,NA,NA,NA,NA,NA,NA,NA,NA,NA,NA,NA,NA
3,2026-09-19,Washington State,Duquesne,FALSE,NA,NA,NA,NA,NA,NA,NA,NA,NA,NA,NA,NA,NA
3,2026-09-19,Richmond,Georgetown,FALSE,NA,NA,NA,NA,NA,NA,NA,NA,NA,NA,NA,NA,NA
3,2026-09-19,UAlbany,Monmouth,FALSE,NA,NA,NA,NA,NA,NA,NA,NA,NA,NA,NA,NA,NA
3,2026-09-19,Tiffin,Thomas More,FALSE,NA,NA,NA,NA,NA,NA,NA,NA,NA,NA,NA,NA,NA
3,2026-09-19,Lewis & Clark,Pomona Pitzer,FALSE,NA,NA,NA,NA,NA,NA,NA,NA,NA,NA,NA,NA,NA
3,2026-09-19,Allen,Albany State,FALSE,NA,NA,NA,NA,NA,NA,NA,NA,NA,NA,NA,NA,NA
3,2026-09-19,Idaho,Abilene Christian,FALSE,NA,NA,NA,NA,NA,NA,NA,NA,NA,NA,NA,NA,NA
3,2026-09-19,Cal Lutheran,Puget Sound,FALSE,NA,NA,NA,NA,NA,NA,NA,NA,NA,NA,NA,NA,NA
3,2026-09-19,Iowa,Northern Iowa,FALSE,NA,NA,NA,NA,NA,NA,NA,NA,NA,NA,NA,NA,NA
3,2026-09-19,Norfolk State,Hampton,FALSE,NA,NA,NA,NA,NA,NA,NA,NA,NA,NA,NA,NA,NA
3,2026-09-19,Bethune-Cookman,Virginia Lynchburg,FALSE,NA,NA,NA,NA,NA,NA,NA,NA,NA,NA,NA,NA,NA
3,2026-09-19,Lyon,Greenville,FALSE,NA,NA,NA,NA,NA,NA,NA,NA,NA,NA,NA,NA,NA
3,2026-09-19,UL Monroe,SE Louisiana,FALSE,NA,NA,NA,NA,NA,NA,NA,NA,NA,NA,NA,NA,NA
3,2026-09-19,Emporia State,Nebraska Kearney,FALSE,NA,NA,NA,NA,NA,NA,NA,NA,NA,NA,NA,NA,NA
3,2026-09-19,Minnesota Duluth,Winona State,FALSE,NA,NA,NA,NA,NA,NA,NA,NA,NA,NA,NA,NA,NA
3,2026-09-19,Southern Connecticut State,American International,FALSE,NA,NA,NA,NA,NA,NA,NA,NA,NA,NA,NA,NA,NA
3,2026-09-19,Lane College,Morehouse,FALSE,NA,NA,NA,NA,NA,NA,NA,NA,NA,NA,NA,NA,NA
3,2026-09-19,Arkansas-Pine Bluff,Central State,FALSE,NA,NA,NA,NA,NA,NA,NA,NA,NA,NA,NA,NA,NA
3,2026-09-19,Clark Atlanta,Miles,FALSE,NA,NA,NA,NA,NA,NA,NA,NA,NA,NA,NA,NA,NA
3,2026-09-19,John Carroll,Kenyon,FALSE,NA,NA,NA,NA,NA,NA,NA,NA,NA,NA,NA,NA,NA
3,2026-09-19,Greensboro,BLUEFIELD,FALSE,NA,NA,NA,NA,NA,NA,NA,NA,NA,NA,NA,NA,NA
3,2026-09-19,Wingate,Newberry,FALSE,NA,NA,NA,NA,NA,NA,NA,NA,NA,NA,NA,NA,NA
3,2026-09-19,Lenoir Rhyne,Mars Hill,FALSE,NA,NA,NA,NA,NA,NA,NA,NA,NA,NA,NA,NA,NA
3,2026-09-19,UVA Wise,Carson Newman,FALSE,NA,NA,NA,NA,NA,NA,NA,NA,NA,NA,NA,NA,NA
3,2026-09-19,Catawba,Emory & Henry,FALSE,NA,NA,NA,NA,NA,NA,NA,NA,NA,NA,NA,NA,NA
3,2026-09-19,Edward Waters,Savannah State,FALSE,NA,NA,NA,NA,NA,NA,NA,NA,NA,NA,NA,NA,NA
3,2026-09-19,Chowan,Barton,FALSE,NA,NA,NA,NA,NA,NA,NA,NA,NA,NA,NA,NA,NA
3,2026-09-19,Livingstone,Winston-Salem State,FALSE,NA,NA,NA,NA,NA,NA,NA,NA,NA,NA,NA,NA,NA
3,2026-09-19,Charleston Southern,Point University,FALSE,NA,NA,NA,NA,NA,NA,NA,NA,NA,NA,NA,NA,NA
3,2026-09-19,Eastern Kentucky,Dayton,FALSE,NA,NA,NA,NA,NA,NA,NA,NA,NA,NA,NA,NA,NA
3,2026-09-19,William & Mary,Fordham,FALSE,NA,NA,NA,NA,NA,NA,NA,NA,NA,NA,NA,NA,NA
3,2026-09-19,Elon,Sacred Heart,FALSE,NA,NA,NA,NA,NA,NA,NA,NA,NA,NA,NA,NA,NA
3,2026-09-19,Campbell,North Carolina A&T,FALSE,NA,NA,NA,NA,NA,NA,NA,NA,NA,NA,NA,NA,NA
3,2026-09-19,Chattanooga,Wofford,FALSE,NA,NA,NA,NA,NA,NA,NA,NA,NA,NA,NA,NA,NA
3,2026-09-19,Virginia Union,Bluefield State,FALSE,NA,NA,NA,NA,NA,NA,NA,NA,NA,NA,NA,NA,NA
3,2026-09-19,Lock Haven,Kutztown,FALSE,NA,NA,NA,NA,NA,NA,NA,NA,NA,NA,NA,NA,NA
3,2026-09-19,Anderson (IN),Kalamazoo,FALSE,NA,NA,NA,NA,NA,NA,NA,NA,NA,NA,NA,NA,NA
3,2026-09-19,Gardner-Webb,North Carolina Central,FALSE,NA,NA,NA,NA,NA,NA,NA,NA,NA,NA,NA,NA,NA
3,2026-09-19,Towson,Morgan State,FALSE,NA,NA,NA,NA,NA,NA,NA,NA,NA,NA,NA,NA,NA
3,2026-09-19,Schreiner,Southwestern U,FALSE,NA,NA,NA,NA,NA,NA,NA,NA,NA,NA,NA,NA,NA
3,2026-09-19,South Dakota State,Youngstown State,FALSE,NA,NA,NA,NA,NA,NA,NA,NA,NA,NA,NA,NA,NA
3,2026-09-19,Furman,South Carolina State,FALSE,NA,NA,NA,NA,NA,NA,NA,NA,NA,NA,NA,NA,NA
3,2026-09-19,Oklahoma State,Murray State,FALSE,NA,NA,NA,NA,NA,NA,NA,NA,NA,NA,NA,NA,NA
3,2026-09-19,South Florida,Delaware State,FALSE,NA,NA,NA,NA,NA,NA,NA,NA,NA,NA,NA,NA,NA
3,2026-09-19,Sam Houston,Nicholls,FALSE,NA,NA,NA,NA,NA,NA,NA,NA,NA,NA,NA,NA,NA
3,2026-09-19,Incarnate Word,Houston Christian,FALSE,NA,NA,NA,NA,NA,NA,NA,NA,NA,NA,NA,NA,NA
3,2026-09-19,Memphis,UT Martin,FALSE,NA,NA,NA,NA,NA,NA,NA,NA,NA,NA,NA,NA,NA
3,2026-09-19,Southern,Louisiana Christian,FALSE,NA,NA,NA,NA,NA,NA,NA,NA,NA,NA,NA,NA,NA
3,2026-09-19,West Florida,Austin Peay,FALSE,NA,NA,NA,NA,NA,NA,NA,NA,NA,NA,NA,NA,NA
3,2026-09-19,Southeast Missouri State,Central Arkansas,FALSE,NA,NA,NA,NA,NA,NA,NA,NA,NA,NA,NA,NA,NA
3,2026-09-19,West Alabama,North Greenville,FALSE,NA,NA,NA,NA,NA,NA,NA,NA,NA,NA,NA,NA,NA
3,2026-09-19,Arkansas Tech,Ouachita Baptist,FALSE,NA,NA,NA,NA,NA,NA,NA,NA,NA,NA,NA,NA,NA
3,2026-09-19,Tarleton State,Merrimack,FALSE,NA,NA,NA,NA,NA,NA,NA,NA,NA,NA,NA,NA,NA
3,2026-09-19,Alabama A&M,Bowie State,FALSE,NA,NA,NA,NA,NA,NA,NA,NA,NA,NA,NA,NA,NA
3,2026-09-19,Jackson State,Tuskegee,FALSE,NA,NA,NA,NA,NA,NA,NA,NA,NA,NA,NA,NA,NA
3,2026-09-19,Henderson State,Arkansas Monticello,FALSE,NA,NA,NA,NA,NA,NA,NA,NA,NA,NA,NA,NA,NA
3,2026-09-19,Southern Nazarene,East Central,FALSE,NA,NA,NA,NA,NA,NA,NA,NA,NA,NA,NA,NA,NA
3,2026-09-19,Northwestern (OK),Oklahoma Baptist,FALSE,NA,NA,NA,NA,NA,NA,NA,NA,NA,NA,NA,NA,NA
3,2026-09-19,Southwestern Oklahoma State,Southeastern Oklahoma State,FALSE,NA,NA,NA,NA,NA,NA,NA,NA,NA,NA,NA,NA,NA
3,2026-09-19,Walsh,Lake Erie,FALSE,NA,NA,NA,NA,NA,NA,NA,NA,NA,NA,NA,NA,NA
3,2026-09-19,Grand Valley State,Elgin,FALSE,NA,NA,NA,NA,NA,NA,NA,NA,NA,NA,NA,NA,NA
3,2026-09-19,Mississippi Valley State,Delta State,FALSE,NA,NA,NA,NA,NA,NA,NA,NA,NA,NA,NA,NA,NA
3,2026-09-19,Southwest Baptist,William Jewell,FALSE,NA,NA,NA,NA,NA,NA,NA,NA,NA,NA,NA,NA,NA
3,2026-09-19,Angelo State,West Texas,FALSE,NA,NA,NA,NA,NA,NA,NA,NA,NA,NA,NA,NA,NA
3,2026-09-19,Midwestern State,Western New Mexico,FALSE,NA,NA,NA,NA,NA,NA,NA,NA,NA,NA,NA,NA,NA
3,2026-09-19,Wayne State (NE),Jamestown,FALSE,NA,NA,NA,NA,NA,NA,NA,NA,NA,NA,NA,NA,NA
3,2026-09-19,Florida A&M,Tennessee State,FALSE,NA,NA,NA,NA,NA,NA,NA,NA,NA,NA,NA,NA,NA
3,2026-09-19,Western Illinois,Morehead State,FALSE,NA,NA,NA,NA,NA,NA,NA,NA,NA,NA,NA,NA,NA
3,2026-09-19,Elmhurst,Carroll (WI),FALSE,NA,NA,NA,NA,NA,NA,NA,NA,NA,NA,NA,NA,NA
3,2026-09-19,Wheaton (IL),Millikin,FALSE,NA,NA,NA,NA,NA,NA,NA,NA,NA,NA,NA,NA,NA
3,2026-09-19,East Texas Baptist,Centenary (LA),FALSE,NA,NA,NA,NA,NA,NA,NA,NA,NA,NA,NA,NA,NA
3,2026-09-19,Wayland Baptist,Howard Payne,FALSE,NA,NA,NA,NA,NA,NA,NA,NA,NA,NA,NA,NA,NA
3,2026-09-19,Ursinus,Moravian,FALSE,NA,NA,NA,NA,NA,NA,NA,NA,NA,NA,NA,NA,NA
3,2026-09-19,Wilmington (OH),Otterbein,FALSE,NA,NA,NA,NA,NA,NA,NA,NA,NA,NA,NA,NA,NA
3,2026-09-19,Allegheny,Waynesburg,FALSE,NA,NA,NA,NA,NA,NA,NA,NA,NA,NA,NA,NA,NA
3,2026-09-19,North Alabama,Alcorn State,FALSE,NA,NA,NA,NA,NA,NA,NA,NA,NA,NA,NA,NA,NA
3,2026-09-19,Nebraska,North Dakota,FALSE,NA,NA,NA,NA,NA,NA,NA,NA,NA,NA,NA,NA,NA
3,2026-09-19,Washington,Eastern Washington,FALSE,NA,NA,NA,NA,NA,NA,NA,NA,NA,NA,NA,NA,NA
3,2026-09-20,Weber State,Northwestern State,FALSE,NA,NA,NA,NA,NA,NA,NA,NA,NA,NA,NA,NA,NA
3,2026-09-20,Northern Colorado,Northeastern State,FALSE,NA,NA,NA,NA,NA,NA,NA,NA,NA,NA,NA,NA,NA
3,2026-09-20,Macalester,Carleton,FALSE,NA,NA,NA,NA,NA,NA,NA,NA,NA,NA,NA,NA,NA
3,2026-09-20,Bethel (MN),Gustavus Adolphus,FALSE,NA,NA,NA,NA,NA,NA,NA,NA,NA,NA,NA,NA,NA
3,2026-09-20,Crown,Martin Luther,FALSE,NA,NA,NA,NA,NA,NA,NA,NA,NA,NA,NA,NA,NA
3,2026-09-20,Fort Hays,Pittsburg State,FALSE,NA,NA,NA,NA,NA,NA,NA,NA,NA,NA,NA,NA,NA
3,2026-09-20,Trinity (TX),Pacific Lutheran,FALSE,NA,NA,NA,NA,NA,NA,NA,NA,NA,NA,NA,NA,NA
3,2026-09-20,Prairie View A&M,Stephen F. Austin,FALSE,NA,NA,NA,NA,NA,NA,NA,NA,NA,NA,NA,NA,NA
3,2026-09-20,UT Rio Grande Valley,McNeese,FALSE,NA,NA,NA,NA,NA,NA,NA,NA,NA,NA,NA,NA,NA
3,2026-09-20,Sul Ross State,UT Permian Basin,FALSE,NA,NA,NA,NA,NA,NA,NA,NA,NA,NA,NA,NA,NA
3,2026-09-20,Texas A&M-Kingsville,Eastern New Mexico,FALSE,NA,NA,NA,NA,NA,NA,NA,NA,NA,NA,NA,NA,NA
3,2026-09-20,Harding,Southern Arkansas,FALSE,NA,NA,NA,NA,NA,NA,NA,NA,NA,NA,NA,NA,NA
3,2026-09-20,Colorado Mesa,Western Colorado,FALSE,NA,NA,NA,NA,NA,NA,NA,NA,NA,NA,NA,NA,NA
3,2026-09-20,Tulsa,East Texas A&M,FALSE,NA,NA,NA,NA,NA,NA,NA,NA,NA,NA,NA,NA,NA
3,2026-09-20,Utah Tech,Northern Arizona,FALSE,NA,NA,NA,NA,NA,NA,NA,NA,NA,NA,NA,NA,NA
3,2026-09-20,Cal Poly,San Diego,FALSE,NA,NA,NA,NA,NA,NA,NA,NA,NA,NA,NA,NA,NA
3,2026-09-20,Central Washington,Western Oregon,FALSE,NA,NA,NA,NA,NA,NA,NA,NA,NA,NA,NA,NA,NA
3,2026-09-20,UC Davis,Stetson,FALSE,NA,NA,NA,NA,NA,NA,NA,NA,NA,NA,NA,NA,NA
3,2026-09-20,Azusa Pacific,Whittier,FALSE,NA,NA,NA,NA,NA,NA,NA,NA,NA,NA,NA,NA,NA
3,2026-09-20,Chapman,Linfield,FALSE,NA,NA,NA,NA,NA,NA,NA,NA,NA,NA,NA,NA,NA
3,2026-09-20,Boise State,South Dakota,FALSE,NA,NA,NA,NA,NA,NA,NA,NA,NA,NA,NA,NA,NA
3,2026-09-20,Redlands,Whitworth,FALSE,NA,NA,NA,NA,NA,NA,NA,NA,NA,NA,NA,NA,NA
3,2026-09-20,Oregon State,Montana,FALSE,NA,NA,NA,NA,NA,NA,NA,NA,NA,NA,NA,NA,NA
